{
  "logistic_regression_roc_auc": 0.9049586776859503,
  "random_forest_roc_auc": 0.8797061524334251
}